"Source","Target"
"P1","P30"
"P1","P26"
"P23","P1"
"P22","P1"
"P20","P1"
"P25","P1"
"P11","P1"
"P32","P1"
"P29","P1"
"P3","P1"
"P1","P29"
"P1","P11"
"P1","P22"
"P1","P25"
"P1","P3"
"P1","P23"
"P1","P32"
"P1","P20"
"P2","P18"
"P2","P35"
"P2","P15"
"P2","P37"
"P2","P5"
"P2","P21"
"P2","P24"
"P2","P7"
"P2","P6"
"P2","P9"
"P2","P12"
"P2","P16"
"P2","P27"
"P2","P36"
"P2","P34"
"P30","P1"
"P37","P2"
"P15","P2"
"P1","P33"
"P1","P4"
"P1","P10"
"P1","P14"
"P1","P13"
"P1","P28"
"P1","P31"
"P1","P19"
"P1","P38"
"P1","P17"
"P1","P8"
